Helen H|Helen H Engelie|
Amelie Lou|Clarice A|
Amina Kiuchi|Akina Sakura|
Bridget Blonde|Tara Guerrero|
Adria Rae|Aspen Reign|
Sweet Cat|Sweet Katie Candy|
Brandy Smith|Sara James|
Adelle Anderson|Eve Evans|
Alexia Gold|Alexus Gold|
Melissa Mendiny|Lexa|
Renata Fox|Rebecca Fox|
Avena Segal|Tea Jul|
Emma Rachael|Rachel White|
Jessa Hinton|Jessa Lynn Hinton|
Courtney Sweet|Liu Love|
Camilla Bella|Camilla Del Rio|
Hadley Mason|Hadley Viscara|
Fiona Sprouts|Fiona Peaches|
Sophia Sweet|Sophie Sweet|
Maddy OReilly|Maddy Oreilly|
Bella Moor|Bella Moore|
Amara Bhunawat|Amara Ranipas|
Addison Ryder|Rayna Marie|
Gena Miller|Sylvia Belotti|
Victoria Rae Black|Victoria Rae|
Liona Levi|Lil Tammy|
Anna Lacey|Anna Gold|
Kiki Klement|Monika Vesela|
Dea Jehtor|Melina D|
Cosette Ibarra|Alina Henessy|
Candice Brielle|Darina Litvinova|Felicity
Bella Rose|Bella Elise Rose|
